Image,Age,Gender,Race,Emotion
angry_-_PrivateTest_10131363.jpg,41,Man,white,angry
angry_-_PrivateTest_10304478.jpg,25,Man,white,neutral
angry_-_PrivateTest_1054527.jpg,44,Man,white,fear
angry_-_PrivateTest_10590091.jpg,23,Man,white,fear
angry_-_PrivateTest_1109992.jpg,25,Man,white,angry
angry_-_PrivateTest_11296953.jpg,33,Man,middle eastern,neutral
angry_-_PrivateTest_12000629.jpg,31,Man,asian,angry
angry_-_PrivateTest_12008383.jpg,39,Man,white,angry
angry_-_PrivateTest_12191716.jpg,32,Man,latino hispanic,sad
angry_-_PrivateTest_1221822.jpg,42,Man,white,angry
angry_-_PrivateTest_12403575.jpg,23,Man,white,fear
angry_-_PrivateTest_12766285.jpg,33,Woman,latino hispanic,happy
angry_-_PrivateTest_12846357.jpg,22,Man,latino hispanic,angry
angry_-_PrivateTest_1290484.jpg,32,Man,white,sad
angry_-_PrivateTest_12912780.jpg,28,Woman,white,neutral
angry_-_PrivateTest_13164119.jpg,44,Woman,white,fear
angry_-_PrivateTest_13278552.jpg,30,Man,white,angry
angry_-_PrivateTest_13463625.jpg,39,Woman,indian,fear
angry_-_PrivateTest_13541561.jpg,36,Man,white,fear
angry_-_PrivateTest_13664224.jpg,34,Man,white,happy
angry_-_PrivateTest_14325168.jpg,25,Man,white,fear
angry_-_PrivateTest_14426977.jpg,34,Man,white,angry
angry_-_PrivateTest_14433751.jpg,39,Man,white,angry
angry_-_PrivateTest_14444117.jpg,37,Man,middle eastern,angry
angry_-_PrivateTest_14482875.jpg,49,Man,middle eastern,sad
angry_-_PrivateTest_14494003.jpg,33,Man,white,angry
angry_-_PrivateTest_14565821.jpg,41,Man,white,angry
angry_-_PrivateTest_14596578.jpg,33,Man,white,sad
angry_-_PrivateTest_14740105.jpg,33,Man,white,happy
angry_-_PrivateTest_14769246.jpg,27,Man,white,fear
angry_-_PrivateTest_1488292.jpg,33,Man,middle eastern,angry
angry_-_PrivateTest_14887556.jpg,31,Man,white,sad
angry_-_PrivateTest_15489614.jpg,31,Man,asian,sad
angry_-_PrivateTest_15827448.jpg,34,Woman,asian,fear
angry_-_PrivateTest_15855670.jpg,31,Man,indian,sad
angry_-_PrivateTest_1623042.jpg,27,Man,white,neutral
angry_-_PrivateTest_16345756.jpg,34,Man,white,angry
angry_-_PrivateTest_16834914.jpg,26,Woman,white,happy
angry_-_PrivateTest_17503955.jpg,31,Man,white,sad
angry_-_PrivateTest_17952984.jpg,34,Man,middle eastern,neutral
angry_-_PrivateTest_1809180.jpg,43,Man,middle eastern,neutral
angry_-_PrivateTest_18151590.jpg,34,Man,white,sad
angry_-_PrivateTest_18347688.jpg,35,Man,white,sad
angry_-_PrivateTest_1850005.jpg,39,Man,white,fear
angry_-_PrivateTest_1862370.jpg,28,Man,white,angry
angry_-_PrivateTest_19041965.jpg,26,Man,white,angry
angry_-_PrivateTest_19160467.jpg,46,Man,asian,angry
angry_-_PrivateTest_19212977.jpg,30,Man,white,sad
angry_-_PrivateTest_19666123.jpg,31,Woman,latino hispanic,happy
angry_-_PrivateTest_19777137.jpg,22,Man,black,fear
angry_-_PrivateTest_19839459.jpg,29,Man,white,neutral
angry_-_PrivateTest_19907331.jpg,41,Man,white,fear
angry_-_PrivateTest_20062601.jpg,36,Man,white,surprise
angry_-_PrivateTest_20304950.jpg,31,Man,white,happy
angry_-_PrivateTest_20306434.jpg,37,Man,white,surprise
angry_-_PrivateTest_20431702.jpg,22,Man,white,angry
angry_-_PrivateTest_20571365.jpg,31,Woman,white,happy
angry_-_PrivateTest_20588149.jpg,24,Man,white,neutral
angry_-_PrivateTest_20789399.jpg,41,Man,white,sad
angry_-_PrivateTest_20887918.jpg,26,Man,asian,angry
angry_-_PrivateTest_20953901.jpg,39,Man,asian,happy
angry_-_PrivateTest_21042434.jpg,23,Man,white,angry
angry_-_PrivateTest_21230097.jpg,39,Man,white,angry
angry_-_PrivateTest_21734875.jpg,24,Man,black,angry
angry_-_PrivateTest_22091765.jpg,25,Man,white,surprise
angry_-_PrivateTest_22126718.jpg,55,Man,white,sad
angry_-_PrivateTest_22203098.jpg,32,Man,asian,disgust
angry_-_PrivateTest_22419133.jpg,29,Man,middle eastern,sad
angry_-_PrivateTest_22793925.jpg,35,Man,indian,neutral
angry_-_PrivateTest_22908984.jpg,31,Woman,white,angry
angry_-_PrivateTest_23120934.jpg,35,Man,white,angry
angry_-_PrivateTest_23190617.jpg,24,Man,asian,sad
angry_-_PrivateTest_2328297.jpg,25,Man,asian,fear
angry_-_PrivateTest_23751697.jpg,36,Man,white,angry
angry_-_PrivateTest_24139016.jpg,28,Woman,white,angry
angry_-_PrivateTest_24550940.jpg,32,Man,white,angry
angry_-_PrivateTest_24569157.jpg,33,Man,asian,angry
angry_-_PrivateTest_24606826.jpg,22,Man,asian,angry
angry_-_PrivateTest_24760870.jpg,36,Woman,asian,angry
angry_-_PrivateTest_25146065.jpg,28,Man,asian,angry
angry_-_PrivateTest_25332527.jpg,27,Man,white,fear
angry_-_PrivateTest_25803660.jpg,41,Man,white,angry
angry_-_PrivateTest_25922801.jpg,41,Man,middle eastern,neutral
angry_-_PrivateTest_25924075.jpg,53,Woman,white,sad
angry_-_PrivateTest_26149470.jpg,29,Man,white,angry
angry_-_PrivateTest_2642370.jpg,46,Man,white,sad
angry_-_PrivateTest_26530508.jpg,39,Man,white,angry
angry_-_PrivateTest_26560060.jpg,25,Man,white,angry
angry_-_PrivateTest_26784100.jpg,28,Man,white,happy
angry_-_PrivateTest_26910183.jpg,33,Man,white,fear
angry_-_PrivateTest_27063807.jpg,35,Man,white,sad
angry_-_PrivateTest_27211238.jpg,28,Man,white,sad
angry_-_PrivateTest_27212219.jpg,27,Man,white,sad
angry_-_PrivateTest_27275324.jpg,24,Man,white,fear
angry_-_PrivateTest_27381014.jpg,22,Man,asian,angry
angry_-_PrivateTest_27425934.jpg,24,Man,asian,angry
angry_-_PrivateTest_27681985.jpg,19,Woman,asian,sad
angry_-_PrivateTest_27729759.jpg,43,Man,white,angry
angry_-_PrivateTest_2775163.jpg,23,Woman,white,angry
angry_-_PrivateTest_27811265.jpg,25,Man,indian,surprise
angry_-_PrivateTest_28003761.jpg,36,Man,white,angry
angry_-_PrivateTest_28291041.jpg,36,Woman,white,surprise
angry_-_PrivateTest_28463343.jpg,39,Man,asian,angry
angry_-_PrivateTest_28761796.jpg,27,Man,middle eastern,angry
angry_-_PrivateTest_2913776.jpg,38,Man,latino hispanic,sad
angry_-_PrivateTest_29273805.jpg,39,Man,latino hispanic,neutral
angry_-_PrivateTest_29624948.jpg,32,Man,white,fear
angry_-_PrivateTest_29626348.jpg,27,Man,white,angry
angry_-_PrivateTest_29669680.jpg,30,Man,middle eastern,angry
angry_-_PrivateTest_29755784.jpg,24,Man,white,angry
angry_-_PrivateTest_30069587.jpg,37,Man,middle eastern,happy
angry_-_PrivateTest_30620747.jpg,38,Man,latino hispanic,angry
angry_-_PrivateTest_30802398.jpg,26,Man,latino hispanic,sad
angry_-_PrivateTest_30853783.jpg,28,Man,white,angry
angry_-_PrivateTest_31013095.jpg,21,Woman,asian,sad
angry_-_PrivateTest_31103368.jpg,23,Man,middle eastern,angry
angry_-_PrivateTest_31265438.jpg,40,Man,white,fear
angry_-_PrivateTest_31352702.jpg,24,Man,middle eastern,angry
angry_-_PrivateTest_31554607.jpg,23,Man,white,sad
angry_-_PrivateTest_31560766.jpg,24,Man,white,fear
angry_-_PrivateTest_32282421.jpg,45,Man,middle eastern,neutral
angry_-_PrivateTest_32298306.jpg,31,Man,middle eastern,angry
angry_-_PrivateTest_33031857.jpg,28,Woman,white,angry
angry_-_PrivateTest_3309033.jpg,37,Man,white,sad
angry_-_PrivateTest_33237326.jpg,29,Man,white,sad
angry_-_PrivateTest_33363783.jpg,33,Woman,black,sad
angry_-_PrivateTest_33469617.jpg,41,Man,latino hispanic,surprise
angry_-_PrivateTest_33585800.jpg,29,Man,white,angry
angry_-_PrivateTest_33643985.jpg,27,Man,white,angry
angry_-_PrivateTest_33725180.jpg,34,Woman,white,angry
angry_-_PrivateTest_33746988.jpg,24,Man,white,angry
angry_-_PrivateTest_33861977.jpg,36,Man,white,angry
angry_-_PrivateTest_33951605.jpg,34,Man,white,angry
angry_-_PrivateTest_3411628.jpg,28,Man,black,neutral
angry_-_PrivateTest_35186407.jpg,31,Woman,white,fear
angry_-_PrivateTest_35198928.jpg,26,Man,white,sad
angry_-_PrivateTest_35600895.jpg,28,Woman,asian,happy
angry_-_PrivateTest_35694338.jpg,38,Man,middle eastern,sad
angry_-_PrivateTest_35759444.jpg,39,Man,middle eastern,angry
angry_-_PrivateTest_36424712.jpg,47,Man,white,angry
angry_-_PrivateTest_36922838.jpg,24,Man,latino hispanic,happy
angry_-_PrivateTest_36962979.jpg,47,Man,asian,angry
angry_-_PrivateTest_37179185.jpg,31,Man,asian,neutral
angry_-_PrivateTest_37308382.jpg,29,Man,white,sad
angry_-_PrivateTest_37336573.jpg,42,Man,white,sad
angry_-_PrivateTest_37530605.jpg,27,Woman,white,angry
angry_-_PrivateTest_37547773.jpg,43,Man,white,angry
angry_-_PrivateTest_37577558.jpg,28,Woman,white,sad
angry_-_PrivateTest_37743545.jpg,29,Man,middle eastern,neutral
angry_-_PrivateTest_37769125.jpg,23,Man,white,angry
angry_-_PrivateTest_37900016.jpg,39,Man,asian,neutral
angry_-_PrivateTest_38456003.jpg,44,Man,black,angry
angry_-_PrivateTest_38754185.jpg,26,Man,white,neutral
angry_-_PrivateTest_38910565.jpg,48,Man,middle eastern,sad
angry_-_PrivateTest_38920534.jpg,28,Man,white,angry
angry_-_PrivateTest_38961013.jpg,39,Man,white,sad
angry_-_PrivateTest_39390808.jpg,43,Man,white,angry
angry_-_PrivateTest_39402661.jpg,28,Man,white,fear
angry_-_PrivateTest_39470132.jpg,29,Man,middle eastern,angry
angry_-_PrivateTest_39543592.jpg,36,Man,white,happy
angry_-_PrivateTest_39621454.jpg,38,Man,white,angry
angry_-_PrivateTest_39884579.jpg,23,Man,asian,angry
angry_-_PrivateTest_40087698.jpg,25,Man,asian,sad
angry_-_PrivateTest_40303500.jpg,29,Man,middle eastern,fear
angry_-_PrivateTest_40516774.jpg,45,Man,latino hispanic,sad
angry_-_PrivateTest_41125468.jpg,29,Man,indian,angry
angry_-_PrivateTest_4115089.jpg,29,Woman,white,angry
angry_-_PrivateTest_41153916.jpg,45,Man,white,angry
angry_-_PrivateTest_41160347.jpg,25,Man,white,sad
angry_-_PrivateTest_41252401.jpg,42,Woman,white,fear
angry_-_PrivateTest_4129990.jpg,44,Man,white,angry
angry_-_PrivateTest_41308674.jpg,23,Man,white,angry
angry_-_PrivateTest_4133015.jpg,52,Man,white,neutral
angry_-_PrivateTest_41474527.jpg,26,Man,white,fear
angry_-_PrivateTest_41546093.jpg,41,Man,middle eastern,angry
angry_-_PrivateTest_41930252.jpg,24,Man,indian,angry
angry_-_PrivateTest_42117104.jpg,37,Woman,asian,angry
angry_-_PrivateTest_42247290.jpg,30,Man,white,happy
angry_-_PrivateTest_42348080.jpg,27,Man,white,happy
angry_-_PrivateTest_42359647.jpg,31,Man,white,surprise
angry_-_PrivateTest_43108598.jpg,34,Man,white,angry
angry_-_PrivateTest_43530807.jpg,25,Man,white,angry
angry_-_PrivateTest_43537573.jpg,26,Man,latino hispanic,angry
angry_-_PrivateTest_43692546.jpg,22,Man,asian,angry
angry_-_PrivateTest_44118054.jpg,31,Man,asian,sad
angry_-_PrivateTest_44351620.jpg,49,Man,black,neutral
angry_-_PrivateTest_44437242.jpg,46,Man,latino hispanic,angry
angry_-_PrivateTest_44746016.jpg,53,Man,white,neutral
angry_-_PrivateTest_44751991.jpg,28,Man,white,happy
angry_-_PrivateTest_44883021.jpg,27,Woman,white,neutral
angry_-_PrivateTest_44923343.jpg,30,Man,white,sad
angry_-_PrivateTest_45026818.jpg,34,Man,white,happy
angry_-_PrivateTest_45318466.jpg,39,Man,middle eastern,angry
angry_-_PrivateTest_45595830.jpg,28,Man,white,fear
angry_-_PrivateTest_45664220.jpg,56,Woman,asian,fear
angry_-_PrivateTest_45986528.jpg,33,Woman,white,fear
angry_-_PrivateTest_46067064.jpg,39,Man,asian,angry
angry_-_PrivateTest_46244877.jpg,39,Man,white,fear
angry_-_PrivateTest_46256137.jpg,31,Woman,black,neutral
angry_-_PrivateTest_46407735.jpg,31,Man,white,sad
angry_-_PrivateTest_46420872.jpg,33,Woman,middle eastern,sad
angry_-_PrivateTest_46589085.jpg,29,Woman,white,happy
angry_-_PrivateTest_46881419.jpg,39,Man,asian,fear
angry_-_PrivateTest_4690573.jpg,26,Man,white,fear
angry_-_PrivateTest_46956721.jpg,31,Woman,white,neutral
angry_-_PrivateTest_47230287.jpg,35,Woman,white,neutral
angry_-_PrivateTest_47664873.jpg,28,Man,white,angry
angry_-_PrivateTest_47881235.jpg,24,Woman,white,angry
angry_-_PrivateTest_48166716.jpg,36,Man,white,neutral
angry_-_PrivateTest_48468437.jpg,36,Man,asian,happy
angry_-_PrivateTest_48563390.jpg,36,Man,white,angry
angry_-_PrivateTest_48643898.jpg,44,Man,white,neutral
angry_-_PrivateTest_48663603.jpg,34,Man,white,angry
angry_-_PrivateTest_48857929.jpg,27,Man,middle eastern,sad
angry_-_PrivateTest_48885767.jpg,45,Man,white,sad
angry_-_PrivateTest_48897228.jpg,37,Man,asian,neutral
angry_-_PrivateTest_48929571.jpg,24,Man,white,angry
angry_-_PrivateTest_49253639.jpg,30,Man,asian,angry
angry_-_PrivateTest_49383844.jpg,22,Woman,white,fear
angry_-_PrivateTest_50057556.jpg,40,Man,white,angry
angry_-_PrivateTest_50202544.jpg,31,Man,white,angry
angry_-_PrivateTest_50458423.jpg,27,Woman,white,sad
angry_-_PrivateTest_50479717.jpg,39,Man,white,angry
angry_-_PrivateTest_50558991.jpg,30,Man,white,surprise
angry_-_PrivateTest_50685265.jpg,22,Man,asian,angry
angry_-_PrivateTest_50964645.jpg,35,Woman,white,neutral
angry_-_PrivateTest_51023332.jpg,32,Man,white,angry
angry_-_PrivateTest_51289612.jpg,40,Man,asian,happy
angry_-_PrivateTest_51551462.jpg,30,Man,white,angry
angry_-_PrivateTest_51610150.jpg,36,Woman,white,angry
angry_-_PrivateTest_51662301.jpg,23,Man,asian,angry
angry_-_PrivateTest_51716447.jpg,25,Man,white,sad
angry_-_PrivateTest_51910300.jpg,28,Man,asian,happy
angry_-_PrivateTest_5216477.jpg,23,Man,white,fear
angry_-_PrivateTest_52423878.jpg,39,Woman,white,fear
angry_-_PrivateTest_52532461.jpg,24,Man,white,fear
angry_-_PrivateTest_52601919.jpg,36,Man,latino hispanic,angry
angry_-_PrivateTest_52838636.jpg,22,Woman,white,sad
angry_-_PrivateTest_52922759.jpg,28,Man,white,happy
angry_-_PrivateTest_53657743.jpg,33,Woman,white,neutral
angry_-_PrivateTest_53931951.jpg,44,Woman,white,happy
angry_-_PrivateTest_54071578.jpg,38,Woman,white,neutral
angry_-_PrivateTest_54096394.jpg,42,Man,asian,happy
angry_-_PrivateTest_54106900.jpg,32,Man,white,fear
angry_-_PrivateTest_54204181.jpg,32,Woman,white,sad
angry_-_PrivateTest_54388384.jpg,53,Man,white,angry
angry_-_PrivateTest_54624150.jpg,22,Man,latino hispanic,neutral
angry_-_PrivateTest_55564530.jpg,58,Man,white,surprise
angry_-_PrivateTest_55732114.jpg,39,Man,white,fear
angry_-_PrivateTest_55949412.jpg,28,Man,white,happy
angry_-_PrivateTest_55964197.jpg,33,Woman,white,neutral
angry_-_PrivateTest_55994277.jpg,21,Man,asian,surprise
angry_-_PrivateTest_56252993.jpg,34,Man,white,neutral
angry_-_PrivateTest_56303739.jpg,35,Man,white,neutral
angry_-_PrivateTest_56445474.jpg,27,Woman,white,neutral
angry_-_PrivateTest_56780735.jpg,27,Man,asian,happy
angry_-_PrivateTest_56782878.jpg,27,Man,white,fear
angry_-_PrivateTest_56890397.jpg,54,Man,middle eastern,neutral
angry_-_PrivateTest_57176772.jpg,30,Man,white,fear
angry_-_PrivateTest_57926270.jpg,35,Man,white,sad
angry_-_PrivateTest_57931479.jpg,29,Woman,white,sad
angry_-_PrivateTest_58001197.jpg,28,Man,black,sad
angry_-_PrivateTest_58143145.jpg,31,Man,middle eastern,happy
angry_-_PrivateTest_58466317.jpg,44,Man,latino hispanic,sad
angry_-_PrivateTest_58505191.jpg,31,Man,white,surprise
angry_-_PrivateTest_58992250.jpg,47,Man,white,angry
angry_-_PrivateTest_59389857.jpg,34,Man,asian,angry
angry_-_PrivateTest_59490446.jpg,50,Man,white,sad
angry_-_PrivateTest_59863633.jpg,28,Man,white,neutral
angry_-_PrivateTest_59881597.jpg,44,Man,white,sad
angry_-_PrivateTest_60004785.jpg,25,Man,white,fear
angry_-_PrivateTest_60168295.jpg,35,Man,white,neutral
angry_-_PrivateTest_60331811.jpg,33,Man,black,disgust
angry_-_PrivateTest_60498147.jpg,32,Man,asian,sad
angry_-_PrivateTest_6097367.jpg,26,Man,white,fear
angry_-_PrivateTest_60990713.jpg,23,Man,white,angry
angry_-_PrivateTest_61043821.jpg,32,Man,white,angry
angry_-_PrivateTest_61094135.jpg,28,Man,white,fear
angry_-_PrivateTest_61118112.jpg,24,Man,white,angry
angry_-_PrivateTest_61683353.jpg,25,Man,white,angry
angry_-_PrivateTest_61911448.jpg,30,Man,white,fear
angry_-_PrivateTest_61945193.jpg,23,Man,middle eastern,sad
angry_-_PrivateTest_62009733.jpg,28,Man,asian,neutral
angry_-_PrivateTest_62018710.jpg,30,Man,middle eastern,sad
angry_-_PrivateTest_62042844.jpg,28,Man,asian,sad
angry_-_PrivateTest_62105894.jpg,34,Man,asian,fear
angry_-_PrivateTest_62110213.jpg,30,Man,white,sad
angry_-_PrivateTest_62257937.jpg,42,Man,white,happy
angry_-_PrivateTest_62268762.jpg,31,Woman,white,angry
angry_-_PrivateTest_62338980.jpg,31,Man,white,neutral
angry_-_PrivateTest_62397768.jpg,36,Man,asian,angry
angry_-_PrivateTest_62524431.jpg,36,Man,white,angry
angry_-_PrivateTest_62630976.jpg,27,Man,black,neutral
angry_-_PrivateTest_62900390.jpg,39,Man,white,angry
angry_-_PrivateTest_63127439.jpg,34,Woman,asian,angry
angry_-_PrivateTest_63627829.jpg,24,Man,white,neutral
angry_-_PrivateTest_63729606.jpg,28,Man,middle eastern,angry
angry_-_PrivateTest_64021465.jpg,50,Man,white,neutral
angry_-_PrivateTest_64130863.jpg,26,Man,white,angry
angry_-_PrivateTest_64157579.jpg,45,Woman,white,angry
angry_-_PrivateTest_6420283.jpg,35,Man,middle eastern,sad
angry_-_PrivateTest_64728949.jpg,35,Woman,white,angry
angry_-_PrivateTest_64746023.jpg,33,Woman,white,sad
angry_-_PrivateTest_64927607.jpg,37,Man,white,happy
angry_-_PrivateTest_64954005.jpg,37,Man,white,angry
angry_-_PrivateTest_65112072.jpg,34,Man,indian,angry
angry_-_PrivateTest_65714191.jpg,48,Man,latino hispanic,sad
angry_-_PrivateTest_65716682.jpg,25,Woman,asian,sad
angry_-_PrivateTest_65810483.jpg,49,Man,white,angry
angry_-_PrivateTest_65816712.jpg,35,Man,white,angry
angry_-_PrivateTest_65902387.jpg,21,Woman,asian,angry
angry_-_PrivateTest_65940639.jpg,35,Man,white,neutral
angry_-_PrivateTest_66494063.jpg,24,Man,black,happy
angry_-_PrivateTest_66535975.jpg,25,Man,white,fear
angry_-_PrivateTest_66644428.jpg,31,Man,white,sad
angry_-_PrivateTest_66705645.jpg,31,Woman,white,sad
angry_-_PrivateTest_66928656.jpg,49,Man,asian,angry
angry_-_PrivateTest_67252628.jpg,33,Man,black,fear
angry_-_PrivateTest_67702983.jpg,39,Man,white,angry
angry_-_PrivateTest_68156545.jpg,44,Man,black,angry
angry_-_PrivateTest_68166022.jpg,46,Man,white,angry
angry_-_PrivateTest_68333170.jpg,26,Man,white,fear
angry_-_PrivateTest_68356234.jpg,34,Man,white,happy
angry_-_PrivateTest_68462643.jpg,29,Man,white,angry
angry_-_PrivateTest_68557811.jpg,27,Man,white,sad
angry_-_PrivateTest_68625027.jpg,43,Man,white,sad
angry_-_PrivateTest_69389869.jpg,36,Man,asian,sad
angry_-_PrivateTest_69615683.jpg,44,Man,latino hispanic,angry
angry_-_PrivateTest_69720002.jpg,25,Man,white,angry
angry_-_PrivateTest_69727437.jpg,24,Man,white,surprise
angry_-_PrivateTest_69790470.jpg,46,Man,asian,neutral
angry_-_PrivateTest_69886581.jpg,23,Woman,latino hispanic,angry
angry_-_PrivateTest_70053829.jpg,50,Woman,white,sad
angry_-_PrivateTest_70112594.jpg,34,Man,white,angry
angry_-_PrivateTest_70570336.jpg,32,Woman,white,sad
angry_-_PrivateTest_70603110.jpg,41,Man,white,angry
angry_-_PrivateTest_70837533.jpg,27,Man,asian,happy
angry_-_PrivateTest_71268050.jpg,40,Man,white,sad
angry_-_PrivateTest_71295423.jpg,37,Man,white,fear
angry_-_PrivateTest_71429384.jpg,35,Man,white,neutral
angry_-_PrivateTest_71947816.jpg,30,Man,asian,angry
angry_-_PrivateTest_72495721.jpg,30,Man,middle eastern,angry
angry_-_PrivateTest_73119240.jpg,42,Man,white,fear
angry_-_PrivateTest_73130508.jpg,32,Man,black,angry
angry_-_PrivateTest_731447.jpg,33,Man,middle eastern,fear
angry_-_PrivateTest_73170949.jpg,27,Man,white,angry
angry_-_PrivateTest_73408654.jpg,25,Woman,white,angry
angry_-_PrivateTest_73419397.jpg,31,Man,white,sad
angry_-_PrivateTest_73809809.jpg,34,Woman,white,angry
angry_-_PrivateTest_73860110.jpg,40,Man,middle eastern,angry
angry_-_PrivateTest_73918107.jpg,42,Man,white,angry
angry_-_PrivateTest_73956607.jpg,27,Man,white,neutral
angry_-_PrivateTest_74063382.jpg,31,Man,middle eastern,neutral
angry_-_PrivateTest_74178058.jpg,39,Man,white,neutral
angry_-_PrivateTest_74436169.jpg,37,Man,middle eastern,angry
angry_-_PrivateTest_74906280.jpg,24,Man,middle eastern,sad
angry_-_PrivateTest_75218231.jpg,40,Man,white,sad
angry_-_PrivateTest_75250209.jpg,34,Man,middle eastern,angry
angry_-_PrivateTest_7543291.jpg,32,Man,middle eastern,angry
angry_-_PrivateTest_75439838.jpg,34,Woman,white,angry
angry_-_PrivateTest_75806988.jpg,37,Man,white,surprise
angry_-_PrivateTest_7588358.jpg,25,Man,white,sad
angry_-_PrivateTest_7589926.jpg,32,Man,white,sad
angry_-_PrivateTest_7622844.jpg,31,Woman,white,angry
angry_-_PrivateTest_76242706.jpg,26,Man,indian,fear
angry_-_PrivateTest_76550689.jpg,22,Man,middle eastern,angry
angry_-_PrivateTest_76832798.jpg,34,Man,middle eastern,sad
angry_-_PrivateTest_76837327.jpg,23,Man,white,neutral
angry_-_PrivateTest_76880087.jpg,36,Man,white,neutral
angry_-_PrivateTest_77007111.jpg,35,Man,middle eastern,sad
angry_-_PrivateTest_77114722.jpg,39,Woman,white,happy
angry_-_PrivateTest_77134887.jpg,24,Man,white,angry
angry_-_PrivateTest_77446000.jpg,42,Man,white,angry
angry_-_PrivateTest_77773648.jpg,33,Woman,white,fear
angry_-_PrivateTest_77781106.jpg,31,Man,black,neutral
angry_-_PrivateTest_7783111.jpg,34,Man,white,sad
angry_-_PrivateTest_78045498.jpg,36,Woman,black,angry
angry_-_PrivateTest_78158043.jpg,30,Man,indian,sad
angry_-_PrivateTest_7833671.jpg,25,Man,white,fear
angry_-_PrivateTest_79141944.jpg,32,Woman,white,angry
angry_-_PrivateTest_79419543.jpg,33,Man,white,neutral
angry_-_PrivateTest_7969511.jpg,31,Man,white,angry
angry_-_PrivateTest_7977596.jpg,22,Woman,white,happy
angry_-_PrivateTest_80005081.jpg,24,Man,asian,fear
angry_-_PrivateTest_80153374.jpg,31,Woman,white,angry
angry_-_PrivateTest_80493061.jpg,32,Man,white,angry
angry_-_PrivateTest_80645015.jpg,44,Man,black,angry
angry_-_PrivateTest_80741454.jpg,34,Man,white,fear
angry_-_PrivateTest_8109968.jpg,27,Man,white,sad
angry_-_PrivateTest_81470485.jpg,39,Man,white,fear
angry_-_PrivateTest_8186613.jpg,36,Man,middle eastern,angry
angry_-_PrivateTest_81957564.jpg,23,Man,black,fear
angry_-_PrivateTest_82666968.jpg,27,Woman,white,angry
angry_-_PrivateTest_82725382.jpg,25,Woman,asian,angry
angry_-_PrivateTest_8276334.jpg,30,Man,asian,fear
angry_-_PrivateTest_82822639.jpg,25,Man,white,neutral
angry_-_PrivateTest_82837122.jpg,37,Man,white,angry
angry_-_PrivateTest_82849971.jpg,26,Man,white,fear
angry_-_PrivateTest_82869856.jpg,30,Man,white,angry
angry_-_PrivateTest_83094105.jpg,43,Man,middle eastern,angry
angry_-_PrivateTest_8328778.jpg,29,Man,white,angry
angry_-_PrivateTest_83425567.jpg,40,Man,white,fear
angry_-_PrivateTest_83885737.jpg,22,Man,asian,angry
angry_-_PrivateTest_84105442.jpg,30,Woman,white,angry
angry_-_PrivateTest_84211245.jpg,31,Woman,indian,sad
angry_-_PrivateTest_84324988.jpg,44,Man,latino hispanic,sad
angry_-_PrivateTest_85003347.jpg,26,Man,white,neutral
angry_-_PrivateTest_85837893.jpg,28,Man,middle eastern,neutral
angry_-_PrivateTest_86017870.jpg,37,Man,white,angry
angry_-_PrivateTest_86408178.jpg,24,Man,asian,angry
angry_-_PrivateTest_86483004.jpg,25,Man,latino hispanic,fear
angry_-_PrivateTest_86563903.jpg,28,Woman,white,neutral
angry_-_PrivateTest_86650314.jpg,48,Woman,white,sad
angry_-_PrivateTest_87046596.jpg,48,Man,white,angry
angry_-_PrivateTest_87526826.jpg,33,Man,middle eastern,angry
angry_-_PrivateTest_87767900.jpg,27,Man,white,angry
angry_-_PrivateTest_87989162.jpg,56,Man,white,sad
angry_-_PrivateTest_88089430.jpg,41,Man,white,fear
angry_-_PrivateTest_88305.jpg,33,Man,white,angry
angry_-_PrivateTest_88609358.jpg,35,Man,white,fear
angry_-_PrivateTest_88658250.jpg,49,Man,white,sad
angry_-_PrivateTest_88790866.jpg,23,Woman,white,sad
angry_-_PrivateTest_88795628.jpg,27,Man,black,angry
angry_-_PrivateTest_88815839.jpg,39,Man,middle eastern,angry
angry_-_PrivateTest_88826392.jpg,31,Man,white,angry
angry_-_PrivateTest_8892314.jpg,48,Man,white,angry
angry_-_PrivateTest_88933199.jpg,36,Man,middle eastern,neutral
angry_-_PrivateTest_89289950.jpg,30,Man,asian,happy
angry_-_PrivateTest_89371223.jpg,33,Man,asian,neutral
angry_-_PrivateTest_89959696.jpg,23,Man,black,angry
angry_-_PrivateTest_89997268.jpg,32,Man,white,sad
angry_-_PrivateTest_90059936.jpg,37,Man,black,sad
angry_-_PrivateTest_90197248.jpg,33,Man,white,neutral
angry_-_PrivateTest_90514331.jpg,28,Man,asian,sad
angry_-_PrivateTest_90676809.jpg,36,Man,white,angry
angry_-_PrivateTest_9084163.jpg,27,Woman,asian,angry
angry_-_PrivateTest_91006137.jpg,43,Man,white,neutral
angry_-_PrivateTest_91030295.jpg,24,Woman,white,sad
angry_-_PrivateTest_91043500.jpg,24,Man,white,surprise
angry_-_PrivateTest_91160429.jpg,39,Man,asian,sad
angry_-_PrivateTest_91377915.jpg,45,Man,white,neutral
angry_-_PrivateTest_91554872.jpg,30,Woman,white,neutral
angry_-_PrivateTest_92109608.jpg,24,Man,white,sad
angry_-_PrivateTest_92905981.jpg,42,Man,white,angry
angry_-_PrivateTest_92990358.jpg,31,Woman,white,sad
angry_-_PrivateTest_93032381.jpg,27,Woman,indian,angry
angry_-_PrivateTest_93097888.jpg,33,Man,middle eastern,fear
angry_-_PrivateTest_93138251.jpg,33,Man,black,angry
angry_-_PrivateTest_93235151.jpg,23,Man,latino hispanic,angry
angry_-_PrivateTest_93290935.jpg,23,Man,white,angry
angry_-_PrivateTest_93458195.jpg,38,Man,white,angry
angry_-_PrivateTest_93463858.jpg,25,Man,middle eastern,angry
angry_-_PrivateTest_93613500.jpg,23,Man,white,angry
angry_-_PrivateTest_93771241.jpg,32,Man,middle eastern,fear
angry_-_PrivateTest_93912196.jpg,22,Man,indian,neutral
angry_-_PrivateTest_94363717.jpg,28,Woman,white,surprise
angry_-_PrivateTest_94431780.jpg,33,Woman,latino hispanic,fear
angry_-_PrivateTest_94592259.jpg,24,Man,white,angry
angry_-_PrivateTest_94619149.jpg,22,Man,black,angry
angry_-_PrivateTest_9486917.jpg,23,Woman,white,sad
angry_-_PrivateTest_95178171.jpg,23,Man,white,angry
angry_-_PrivateTest_95380145.jpg,33,Man,white,sad
angry_-_PrivateTest_95676588.jpg,35,Man,white,surprise
angry_-_PrivateTest_95983220.jpg,29,Man,white,angry
angry_-_PrivateTest_96028430.jpg,41,Man,white,sad
angry_-_PrivateTest_96123615.jpg,32,Man,white,angry
angry_-_PrivateTest_96606536.jpg,33,Man,middle eastern,surprise
angry_-_PrivateTest_96963692.jpg,39,Man,white,angry
angry_-_PrivateTest_97025951.jpg,29,Man,white,angry
angry_-_PrivateTest_97227751.jpg,31,Man,white,angry
angry_-_PrivateTest_97823562.jpg,33,Man,latino hispanic,neutral
angry_-_PrivateTest_97911314.jpg,20,Man,middle eastern,angry
angry_-_PrivateTest_97952692.jpg,29,Man,white,angry
angry_-_PrivateTest_97993950.jpg,22,Man,white,angry
angry_-_PrivateTest_98301490.jpg,34,Man,white,surprise
angry_-_PrivateTest_98386339.jpg,25,Man,white,angry
angry_-_PrivateTest_98403294.jpg,40,Man,white,angry
angry_-_PrivateTest_9877914.jpg,42,Man,asian,angry
angry_-_PrivateTest_98810281.jpg,35,Woman,white,angry
angry_-_PrivateTest_98865793.jpg,38,Man,white,angry
angry_-_PrivateTest_99012891.jpg,27,Man,white,fear
angry_-_PrivateTest_99179335.jpg,38,Man,asian,angry
angry_-_PrivateTest_99260703.jpg,33,Man,white,happy
angry_-_PrivateTest_99414064.jpg,31,Man,white,sad
angry_-_PrivateTest_99430137.jpg,32,Man,white,sad
angry_-_PrivateTest_99491057.jpg,40,Man,white,angry
angry_-_PrivateTest_99528552.jpg,24,Man,white,angry
angry_-_PrivateTest_99739773.jpg,39,Man,white,neutral
angry_-_PrivateTest_99757533.jpg,22,Man,white,angry
angry_-_PrivateTest_99855040.jpg,33,Man,white,fear
angry_-_PrivateTest_99901650.jpg,42,Man,white,angry
angry_-_PublicTest_10116449.jpg,31,Man,asian,angry
angry_-_PublicTest_10813312.jpg,51,Man,white,neutral
angry_-_PublicTest_11521746.jpg,34,Man,white,sad
angry_-_PublicTest_11832974.jpg,49,Man,white,sad
angry_-_PublicTest_12296139.jpg,42,Man,white,happy
angry_-_PublicTest_12326319.jpg,31,Man,white,fear
angry_-_PublicTest_12693575.jpg,46,Man,black,angry
angry_-_PublicTest_12700974.jpg,36,Man,white,angry
angry_-_PublicTest_12751829.jpg,33,Man,black,fear
angry_-_PublicTest_12871755.jpg,43,Man,white,sad
angry_-_PublicTest_12919755.jpg,32,Man,white,sad
angry_-_PublicTest_1355981.jpg,26,Man,black,neutral
angry_-_PublicTest_13591263.jpg,20,Woman,white,neutral
angry_-_PublicTest_1373732.jpg,27,Man,white,neutral
angry_-_PublicTest_13953782.jpg,33,Man,white,angry
angry_-_PublicTest_14075653.jpg,32,Man,asian,sad
angry_-_PublicTest_1419488.jpg,24,Man,white,fear
angry_-_PublicTest_14387765.jpg,40,Man,white,angry
angry_-_PublicTest_14388186.jpg,35,Man,white,surprise
angry_-_PublicTest_14561390.jpg,33,Man,white,fear
angry_-_PublicTest_1460129.jpg,25,Man,white,angry
angry_-_PublicTest_1463394.jpg,30,Man,white,happy
angry_-_PublicTest_14798104.jpg,25,Man,white,angry
angry_-_PublicTest_15140838.jpg,32,Man,white,sad
angry_-_PublicTest_15411158.jpg,39,Man,white,neutral
angry_-_PublicTest_16131911.jpg,30,Man,white,sad
angry_-_PublicTest_16745237.jpg,25,Man,white,neutral
angry_-_PublicTest_16770619.jpg,30,Woman,white,angry
angry_-_PublicTest_17017376.jpg,24,Man,middle eastern,angry
angry_-_PublicTest_17026620.jpg,37,Man,latino hispanic,neutral
angry_-_PublicTest_17116818.jpg,34,Man,white,disgust
angry_-_PublicTest_17320024.jpg,31,Man,white,neutral
angry_-_PublicTest_17410266.jpg,34,Woman,white,angry
angry_-_PublicTest_17487264.jpg,30,Man,asian,sad
angry_-_PublicTest_17560953.jpg,28,Man,white,angry
angry_-_PublicTest_17598880.jpg,30,Man,white,sad
angry_-_PublicTest_17614009.jpg,25,Man,indian,neutral
angry_-_PublicTest_17954875.jpg,37,Man,white,fear
angry_-_PublicTest_17986076.jpg,39,Man,latino hispanic,angry
angry_-_PublicTest_18058366.jpg,36,Man,white,neutral
angry_-_PublicTest_18063934.jpg,39,Man,white,sad
angry_-_PublicTest_18087247.jpg,24,Man,latino hispanic,sad
angry_-_PublicTest_18131739.jpg,19,Woman,white,neutral
angry_-_PublicTest_18274972.jpg,36,Man,asian,angry
angry_-_PublicTest_18401679.jpg,34,Woman,white,angry
angry_-_PublicTest_18467095.jpg,34,Man,middle eastern,sad
angry_-_PublicTest_18471170.jpg,36,Man,white,angry
angry_-_PublicTest_18490757.jpg,64,Man,white,happy
angry_-_PublicTest_18509921.jpg,28,Woman,white,angry
angry_-_PublicTest_18682426.jpg,33,Man,white,sad
angry_-_PublicTest_18770630.jpg,43,Woman,white,angry
angry_-_PublicTest_19183266.jpg,44,Man,middle eastern,angry
angry_-_PublicTest_19319090.jpg,43,Man,asian,angry
angry_-_PublicTest_19679720.jpg,35,Woman,white,angry
angry_-_PublicTest_1990985.jpg,28,Man,middle eastern,angry
angry_-_PublicTest_20045813.jpg,25,Woman,white,angry
angry_-_PublicTest_20725544.jpg,40,Man,white,neutral
angry_-_PublicTest_20761396.jpg,49,Man,white,angry
angry_-_PublicTest_20874883.jpg,28,Woman,white,fear
angry_-_PublicTest_21110779.jpg,32,Man,middle eastern,happy
angry_-_PublicTest_21226976.jpg,26,Man,middle eastern,angry
angry_-_PublicTest_21334851.jpg,36,Man,white,fear
angry_-_PublicTest_21498023.jpg,30,Man,white,angry
angry_-_PublicTest_22161894.jpg,47,Man,white,neutral
angry_-_PublicTest_22423869.jpg,39,Man,white,fear
angry_-_PublicTest_22516549.jpg,37,Woman,white,angry
angry_-_PublicTest_22869801.jpg,48,Man,middle eastern,sad
angry_-_PublicTest_23643566.jpg,45,Woman,latino hispanic,sad
angry_-_PublicTest_2392824.jpg,31,Woman,white,angry
angry_-_PublicTest_23991674.jpg,26,Man,white,fear
angry_-_PublicTest_24150762.jpg,26,Man,black,fear
angry_-_PublicTest_24586863.jpg,25,Man,white,angry
angry_-_PublicTest_24668305.jpg,28,Woman,asian,neutral
angry_-_PublicTest_2489773.jpg,36,Man,white,angry
angry_-_PublicTest_24929049.jpg,39,Woman,white,sad
angry_-_PublicTest_25092940.jpg,29,Woman,white,neutral
angry_-_PublicTest_25391358.jpg,31,Woman,white,angry
angry_-_PublicTest_25439815.jpg,22,Man,white,angry
angry_-_PublicTest_25544065.jpg,33,Man,middle eastern,happy
angry_-_PublicTest_25592242.jpg,28,Man,white,angry
angry_-_PublicTest_26045537.jpg,42,Man,white,happy
angry_-_PublicTest_26506006.jpg,23,Man,white,neutral
angry_-_PublicTest_26532100.jpg,28,Woman,asian,sad
angry_-_PublicTest_27052118.jpg,24,Man,white,angry
angry_-_PublicTest_27220144.jpg,28,Man,white,sad
angry_-_PublicTest_27236898.jpg,27,Man,white,angry
angry_-_PublicTest_27318961.jpg,27,Woman,white,angry
angry_-_PublicTest_27364438.jpg,43,Man,white,angry
angry_-_PublicTest_27793599.jpg,24,Man,asian,happy
angry_-_PublicTest_28052854.jpg,23,Man,asian,sad
angry_-_PublicTest_28086839.jpg,25,Man,white,neutral
angry_-_PublicTest_28247215.jpg,36,Woman,white,angry
angry_-_PublicTest_28415725.jpg,25,Man,black,angry
angry_-_PublicTest_28628397.jpg,43,Man,asian,angry
angry_-_PublicTest_28848742.jpg,31,Woman,asian,angry
angry_-_PublicTest_28963544.jpg,54,Man,white,sad
angry_-_PublicTest_29103816.jpg,34,Man,white,neutral
angry_-_PublicTest_29284838.jpg,32,Man,white,surprise
angry_-_PublicTest_29353330.jpg,29,Woman,white,neutral
angry_-_PublicTest_30068238.jpg,34,Woman,white,happy
angry_-_PublicTest_30767380.jpg,30,Man,asian,neutral
angry_-_PublicTest_30869042.jpg,44,Man,middle eastern,neutral
angry_-_PublicTest_31058193.jpg,46,Man,white,sad
angry_-_PublicTest_31362928.jpg,42,Man,white,angry
angry_-_PublicTest_31588880.jpg,25,Man,white,disgust
angry_-_PublicTest_3168890.jpg,27,Man,white,angry
angry_-_PublicTest_31947340.jpg,28,Man,white,sad
angry_-_PublicTest_3218764.jpg,35,Woman,white,surprise
angry_-_PublicTest_32429079.jpg,26,Man,white,neutral
angry_-_PublicTest_32720867.jpg,23,Man,white,neutral
angry_-_PublicTest_33049665.jpg,42,Man,middle eastern,angry
angry_-_PublicTest_33298870.jpg,51,Man,white,fear
angry_-_PublicTest_33361245.jpg,39,Woman,white,fear
angry_-_PublicTest_3344932.jpg,29,Man,latino hispanic,neutral
angry_-_PublicTest_335516.jpg,28,Man,white,angry
angry_-_PublicTest_33629438.jpg,31,Man,asian,fear
angry_-_PublicTest_33939155.jpg,24,Man,white,angry
angry_-_PublicTest_34883128.jpg,27,Man,white,angry
angry_-_PublicTest_34922989.jpg,32,Man,white,neutral
angry_-_PublicTest_35775434.jpg,25,Man,white,angry
angry_-_PublicTest_3620949.jpg,31,Man,white,neutral
angry_-_PublicTest_3627549.jpg,26,Man,asian,angry
angry_-_PublicTest_3636907.jpg,32,Woman,white,sad
angry_-_PublicTest_36373260.jpg,30,Woman,white,sad
angry_-_PublicTest_3641062.jpg,35,Woman,white,fear
angry_-_PublicTest_3641536.jpg,38,Woman,white,fear
angry_-_PublicTest_36631182.jpg,23,Man,white,angry
angry_-_PublicTest_36659344.jpg,32,Man,asian,sad
angry_-_PublicTest_36696281.jpg,33,Woman,asian,happy
angry_-_PublicTest_36836824.jpg,41,Man,white,angry
angry_-_PublicTest_36902661.jpg,33,Man,white,neutral
angry_-_PublicTest_3709326.jpg,40,Man,white,angry
angry_-_PublicTest_37316865.jpg,32,Man,white,angry
angry_-_PublicTest_37905989.jpg,37,Man,white,angry
angry_-_PublicTest_37985095.jpg,29,Man,white,angry
angry_-_PublicTest_37985773.jpg,31,Man,white,angry
angry_-_PublicTest_38165746.jpg,30,Woman,asian,angry
angry_-_PublicTest_38216771.jpg,23,Man,asian,angry
angry_-_PublicTest_39092344.jpg,32,Woman,white,neutral
angry_-_PublicTest_39135751.jpg,30,Man,white,happy
angry_-_PublicTest_40202990.jpg,32,Man,white,fear
angry_-_PublicTest_40341899.jpg,33,Woman,white,neutral
angry_-_PublicTest_40690128.jpg,41,Man,white,angry
angry_-_PublicTest_40811515.jpg,24,Man,latino hispanic,angry
angry_-_PublicTest_40824482.jpg,30,Man,white,fear
angry_-_PublicTest_4105485.jpg,42,Man,latino hispanic,angry
angry_-_PublicTest_41416509.jpg,24,Man,asian,sad
angry_-_PublicTest_4237118.jpg,36,Man,indian,neutral
angry_-_PublicTest_4263322.jpg,24,Woman,white,neutral
angry_-_PublicTest_42826491.jpg,26,Man,latino hispanic,angry
angry_-_PublicTest_43169549.jpg,27,Woman,white,neutral
angry_-_PublicTest_43316380.jpg,41,Man,white,fear
angry_-_PublicTest_43332731.jpg,35,Man,white,fear
angry_-_PublicTest_43360747.jpg,45,Man,white,neutral
angry_-_PublicTest_4379266.jpg,33,Man,middle eastern,neutral
angry_-_PublicTest_43895652.jpg,49,Woman,white,angry
angry_-_PublicTest_44022516.jpg,30,Woman,white,angry
angry_-_PublicTest_44184063.jpg,39,Woman,asian,sad
angry_-_PublicTest_44227970.jpg,26,Man,white,angry
angry_-_PublicTest_44679916.jpg,31,Man,white,surprise
angry_-_PublicTest_4496845.jpg,31,Woman,white,fear
angry_-_PublicTest_45792830.jpg,41,Man,white,angry
angry_-_PublicTest_46181567.jpg,29,Man,white,angry
angry_-_PublicTest_46533021.jpg,21,Man,white,angry
angry_-_PublicTest_46653575.jpg,27,Man,asian,sad
angry_-_PublicTest_46931060.jpg,22,Man,white,fear
angry_-_PublicTest_47189506.jpg,31,Man,white,angry
angry_-_PublicTest_47244745.jpg,38,Man,white,angry
angry_-_PublicTest_47374366.jpg,22,Man,white,angry
angry_-_PublicTest_47434180.jpg,35,Man,middle eastern,neutral
angry_-_PublicTest_47452496.jpg,32,Man,asian,sad
angry_-_PublicTest_47495579.jpg,36,Man,white,angry
angry_-_PublicTest_47601588.jpg,45,Woman,white,neutral
angry_-_PublicTest_47760796.jpg,26,Man,white,disgust
angry_-_PublicTest_47804687.jpg,27,Man,black,neutral
angry_-_PublicTest_47886319.jpg,28,Man,white,happy
angry_-_PublicTest_47890853.jpg,31,Man,white,sad
angry_-_PublicTest_47997171.jpg,24,Man,white,angry
angry_-_PublicTest_48036150.jpg,24,Man,asian,angry
angry_-_PublicTest_48156348.jpg,28,Man,white,angry
angry_-_PublicTest_4822332.jpg,22,Woman,white,angry
angry_-_PublicTest_48232878.jpg,22,Woman,white,angry
angry_-_PublicTest_48371269.jpg,35,Woman,asian,fear
angry_-_PublicTest_48413488.jpg,30,Man,asian,happy
angry_-_PublicTest_48428562.jpg,29,Man,white,fear
angry_-_PublicTest_48511728.jpg,34,Woman,white,angry
angry_-_PublicTest_48512363.jpg,31,Man,white,sad
angry_-_PublicTest_48714314.jpg,26,Man,white,fear
angry_-_PublicTest_49008517.jpg,33,Man,white,sad
angry_-_PublicTest_49162234.jpg,34,Man,white,neutral
angry_-_PublicTest_49264937.jpg,34,Woman,white,sad
angry_-_PublicTest_49302808.jpg,30,Man,white,fear
angry_-_PublicTest_49352382.jpg,22,Woman,white,neutral
angry_-_PublicTest_49408064.jpg,31,Man,white,sad
angry_-_PublicTest_49591430.jpg,44,Man,middle eastern,angry
angry_-_PublicTest_497151.jpg,36,Woman,white,angry
angry_-_PublicTest_49898176.jpg,39,Man,white,happy
angry_-_PublicTest_49962615.jpg,34,Woman,white,surprise
angry_-_PublicTest_50259008.jpg,25,Man,latino hispanic,fear
angry_-_PublicTest_50664677.jpg,27,Man,white,neutral
angry_-_PublicTest_50685895.jpg,31,Woman,white,angry
angry_-_PublicTest_50984559.jpg,46,Man,black,angry
angry_-_PublicTest_51044199.jpg,38,Man,white,angry
angry_-_PublicTest_51080774.jpg,23,Woman,white,angry
angry_-_PublicTest_51099854.jpg,45,Man,white,angry
angry_-_PublicTest_51144645.jpg,32,Man,white,neutral
angry_-_PublicTest_5177911.jpg,28,Woman,white,angry
angry_-_PublicTest_52070065.jpg,28,Man,white,neutral
angry_-_PublicTest_52439734.jpg,39,Man,white,fear
angry_-_PublicTest_5251552.jpg,20,Man,latino hispanic,angry
angry_-_PublicTest_52681031.jpg,34,Man,white,fear
angry_-_PublicTest_52706232.jpg,25,Woman,white,angry
angry_-_PublicTest_52739184.jpg,33,Man,white,fear
angry_-_PublicTest_53367661.jpg,39,Man,white,neutral
angry_-_PublicTest_53480653.jpg,39,Man,black,angry
angry_-_PublicTest_53519543.jpg,39,Man,white,sad
angry_-_PublicTest_54144300.jpg,39,Man,white,angry
angry_-_PublicTest_54146920.jpg,32,Woman,white,angry
angry_-_PublicTest_54462619.jpg,20,Man,white,angry
angry_-_PublicTest_5460494.jpg,30,Woman,white,angry
angry_-_PublicTest_54630431.jpg,40,Man,black,neutral
angry_-_PublicTest_5507504.jpg,30,Man,white,fear
angry_-_PublicTest_55079248.jpg,38,Man,white,sad
angry_-_PublicTest_55124186.jpg,24,Man,white,sad
angry_-_PublicTest_55350348.jpg,27,Woman,latino hispanic,sad
angry_-_PublicTest_5543497.jpg,45,Man,asian,angry
angry_-_PublicTest_55992288.jpg,30,Man,white,fear
angry_-_PublicTest_56592933.jpg,36,Man,white,angry
angry_-_PublicTest_56981414.jpg,42,Woman,latino hispanic,neutral
angry_-_PublicTest_57154065.jpg,42,Woman,white,neutral
angry_-_PublicTest_57157029.jpg,24,Man,white,neutral
angry_-_PublicTest_57272892.jpg,38,Man,middle eastern,fear
angry_-_PublicTest_57438507.jpg,31,Man,white,surprise
angry_-_PublicTest_5767290.jpg,30,Man,white,angry
angry_-_PublicTest_57865005.jpg,35,Man,asian,disgust
angry_-_PublicTest_57918595.jpg,36,Woman,white,fear
angry_-_PublicTest_58554610.jpg,29,Man,white,neutral
angry_-_PublicTest_59161828.jpg,30,Man,black,angry
angry_-_PublicTest_59544229.jpg,22,Woman,white,fear
angry_-_PublicTest_59547782.jpg,38,Man,white,neutral
angry_-_PublicTest_59592636.jpg,49,Man,white,happy
angry_-_PublicTest_5964952.jpg,23,Man,white,angry
angry_-_PublicTest_59731058.jpg,22,Man,white,angry
angry_-_PublicTest_59816405.jpg,37,Woman,asian,neutral
angry_-_PublicTest_60180640.jpg,30,Man,white,surprise
angry_-_PublicTest_60260657.jpg,33,Man,middle eastern,angry
angry_-_PublicTest_60947451.jpg,26,Man,black,sad
angry_-_PublicTest_61158536.jpg,25,Man,white,surprise
angry_-_PublicTest_61780409.jpg,25,Man,white,angry
angry_-_PublicTest_62090392.jpg,45,Man,white,angry
angry_-_PublicTest_62236593.jpg,24,Man,asian,angry
angry_-_PublicTest_62277373.jpg,39,Man,white,angry
angry_-_PublicTest_62838727.jpg,28,Man,white,neutral
angry_-_PublicTest_62957329.jpg,34,Man,white,neutral
angry_-_PublicTest_63017102.jpg,31,Man,white,neutral
angry_-_PublicTest_63119077.jpg,34,Woman,white,angry
angry_-_PublicTest_63607791.jpg,32,Man,asian,happy
angry_-_PublicTest_63705954.jpg,42,Man,asian,angry
angry_-_PublicTest_63745951.jpg,34,Man,black,angry
angry_-_PublicTest_6385751.jpg,40,Man,white,sad
angry_-_PublicTest_63906265.jpg,34,Man,asian,angry
angry_-_PublicTest_64029710.jpg,48,Man,white,neutral
angry_-_PublicTest_64033113.jpg,29,Man,asian,neutral
angry_-_PublicTest_64680248.jpg,33,Man,black,angry
angry_-_PublicTest_64803509.jpg,29,Man,asian,angry
angry_-_PublicTest_65017594.jpg,33,Man,latino hispanic,neutral
angry_-_PublicTest_65021363.jpg,34,Man,asian,sad
angry_-_PublicTest_6510637.jpg,47,Woman,white,surprise
angry_-_PublicTest_65239729.jpg,38,Man,white,angry
angry_-_PublicTest_65455995.jpg,29,Man,white,fear
angry_-_PublicTest_65465298.jpg,32,Woman,white,surprise
angry_-_PublicTest_65467730.jpg,54,Man,white,sad
angry_-_PublicTest_65689063.jpg,24,Man,asian,angry
angry_-_PublicTest_65705281.jpg,32,Man,asian,sad
angry_-_PublicTest_65820617.jpg,24,Woman,white,neutral
angry_-_PublicTest_65825726.jpg,26,Woman,white,angry
angry_-_PublicTest_65942726.jpg,35,Woman,white,fear
angry_-_PublicTest_66091352.jpg,34,Man,white,angry
angry_-_PublicTest_66344219.jpg,31,Man,white,neutral
angry_-_PublicTest_66439360.jpg,30,Woman,white,angry
angry_-_PublicTest_66950868.jpg,32,Man,white,angry
angry_-_PublicTest_66951145.jpg,34,Man,middle eastern,angry
angry_-_PublicTest_66956737.jpg,26,Man,white,angry
angry_-_PublicTest_67037873.jpg,36,Woman,white,angry
angry_-_PublicTest_67087752.jpg,23,Woman,white,sad
angry_-_PublicTest_67146017.jpg,27,Woman,asian,angry
angry_-_PublicTest_67194596.jpg,34,Man,white,neutral
angry_-_PublicTest_67411006.jpg,33,Man,middle eastern,angry
angry_-_PublicTest_67751726.jpg,35,Man,white,angry
angry_-_PublicTest_68635331.jpg,23,Man,middle eastern,angry
angry_-_PublicTest_68682113.jpg,38,Man,middle eastern,angry
angry_-_PublicTest_68853210.jpg,38,Woman,white,angry
angry_-_PublicTest_69095122.jpg,28,Woman,white,neutral
angry_-_PublicTest_69123222.jpg,26,Man,white,angry
angry_-_PublicTest_69194031.jpg,27,Man,white,angry
angry_-_PublicTest_69709353.jpg,36,Man,white,sad
angry_-_PublicTest_6998820.jpg,44,Man,white,angry
angry_-_PublicTest_70071887.jpg,47,Man,white,sad
angry_-_PublicTest_70126767.jpg,19,Man,white,surprise
angry_-_PublicTest_70289097.jpg,20,Man,latino hispanic,angry
angry_-_PublicTest_70470561.jpg,26,Man,asian,fear
angry_-_PublicTest_70604594.jpg,30,Man,white,neutral
angry_-_PublicTest_7070524.jpg,25,Man,white,angry
angry_-_PublicTest_71123225.jpg,26,Man,middle eastern,angry
angry_-_PublicTest_71211063.jpg,21,Man,middle eastern,angry
angry_-_PublicTest_7122302.jpg,44,Man,latino hispanic,sad
angry_-_PublicTest_71394422.jpg,36,Man,white,neutral
angry_-_PublicTest_71571526.jpg,27,Woman,asian,angry
angry_-_PublicTest_71579768.jpg,29,Woman,white,neutral
angry_-_PublicTest_71685219.jpg,24,Man,indian,surprise
angry_-_PublicTest_73301522.jpg,32,Man,white,sad
angry_-_PublicTest_7340890.jpg,31,Man,white,neutral
angry_-_PublicTest_74012583.jpg,40,Man,white,neutral
angry_-_PublicTest_74133311.jpg,27,Man,white,angry
angry_-_PublicTest_74209270.jpg,23,Man,latino hispanic,angry
angry_-_PublicTest_74238112.jpg,28,Man,middle eastern,angry
angry_-_PublicTest_74346734.jpg,29,Man,white,sad
angry_-_PublicTest_74458895.jpg,33,Woman,white,sad
angry_-_PublicTest_74470272.jpg,53,Man,middle eastern,angry
angry_-_PublicTest_74656440.jpg,30,Woman,middle eastern,angry
angry_-_PublicTest_74837119.jpg,32,Man,white,happy
angry_-_PublicTest_75015949.jpg,22,Man,white,neutral
angry_-_PublicTest_75170399.jpg,34,Man,white,angry
angry_-_PublicTest_75454944.jpg,28,Man,white,angry
angry_-_PublicTest_75909699.jpg,51,Man,white,neutral
angry_-_PublicTest_76008995.jpg,31,Woman,white,angry
angry_-_PublicTest_76439875.jpg,37,Man,white,angry
angry_-_PublicTest_76875834.jpg,35,Man,asian,angry
angry_-_PublicTest_77035165.jpg,26,Man,white,angry
angry_-_PublicTest_77142981.jpg,39,Man,white,angry
angry_-_PublicTest_77172367.jpg,31,Man,white,angry
angry_-_PublicTest_77327770.jpg,29,Man,middle eastern,neutral
angry_-_PublicTest_77938889.jpg,40,Man,white,neutral
angry_-_PublicTest_77968706.jpg,27,Man,asian,happy
angry_-_PublicTest_78493974.jpg,26,Man,white,angry
angry_-_PublicTest_78810808.jpg,35,Woman,white,angry
angry_-_PublicTest_78990391.jpg,40,Man,white,fear
angry_-_PublicTest_7905606.jpg,26,Woman,white,sad
angry_-_PublicTest_79109976.jpg,31,Man,white,neutral
angry_-_PublicTest_79434516.jpg,50,Man,black,angry
angry_-_PublicTest_79434954.jpg,24,Man,white,angry
angry_-_PublicTest_79575934.jpg,23,Man,black,angry
angry_-_PublicTest_79773769.jpg,37,Man,white,angry
angry_-_PublicTest_79811245.jpg,33,Man,white,angry
angry_-_PublicTest_79854224.jpg,25,Woman,asian,sad
angry_-_PublicTest_79887521.jpg,31,Man,white,angry
angry_-_PublicTest_79892729.jpg,31,Man,white,angry
angry_-_PublicTest_80242801.jpg,34,Man,middle eastern,sad
angry_-_PublicTest_80355968.jpg,43,Man,black,happy
angry_-_PublicTest_80419054.jpg,33,Man,white,happy
angry_-_PublicTest_80585398.jpg,22,Man,white,angry
angry_-_PublicTest_80685818.jpg,32,Woman,white,sad
angry_-_PublicTest_80741744.jpg,32,Man,asian,fear
angry_-_PublicTest_80832037.jpg,41,Man,middle eastern,angry
angry_-_PublicTest_80884345.jpg,41,Man,white,angry
angry_-_PublicTest_81327668.jpg,23,Man,asian,sad
angry_-_PublicTest_81570893.jpg,27,Man,white,angry
angry_-_PublicTest_81632115.jpg,39,Man,white,angry
angry_-_PublicTest_81742978.jpg,34,Man,white,angry
angry_-_PublicTest_81843401.jpg,32,Man,black,neutral
angry_-_PublicTest_82002612.jpg,28,Man,white,neutral
angry_-_PublicTest_82116704.jpg,39,Man,latino hispanic,neutral
angry_-_PublicTest_82685854.jpg,26,Man,white,angry
angry_-_PublicTest_82700651.jpg,25,Man,asian,angry
angry_-_PublicTest_83042442.jpg,36,Man,white,sad
angry_-_PublicTest_83372303.jpg,40,Man,middle eastern,angry
angry_-_PublicTest_83776498.jpg,28,Man,asian,happy
angry_-_PublicTest_84016544.jpg,38,Man,white,fear
angry_-_PublicTest_8403145.jpg,22,Man,white,angry
angry_-_PublicTest_84366.jpg,27,Man,white,angry
angry_-_PublicTest_84522114.jpg,33,Man,white,neutral
angry_-_PublicTest_84812303.jpg,34,Woman,black,angry
angry_-_PublicTest_84889722.jpg,33,Woman,white,neutral
angry_-_PublicTest_85354228.jpg,36,Woman,white,fear
angry_-_PublicTest_85454471.jpg,30,Man,middle eastern,surprise
angry_-_PublicTest_85586711.jpg,34,Man,asian,angry
angry_-_PublicTest_85640402.jpg,31,Man,latino hispanic,fear
angry_-_PublicTest_8568840.jpg,31,Man,white,angry
angry_-_PublicTest_8608284.jpg,30,Man,white,sad
angry_-_PublicTest_86413860.jpg,48,Man,middle eastern,angry
angry_-_PublicTest_86533062.jpg,24,Man,white,fear
angry_-_PublicTest_8668068.jpg,33,Woman,white,angry
angry_-_PublicTest_86863879.jpg,37,Man,white,neutral
angry_-_PublicTest_87312658.jpg,50,Man,latino hispanic,angry
angry_-_PublicTest_87391496.jpg,38,Man,white,angry
angry_-_PublicTest_87724897.jpg,23,Man,asian,angry
angry_-_PublicTest_87739948.jpg,32,Man,white,angry
angry_-_PublicTest_87821224.jpg,30,Man,white,sad
angry_-_PublicTest_87834425.jpg,29,Man,indian,angry
angry_-_PublicTest_8807439.jpg,32,Man,white,sad
angry_-_PublicTest_88085937.jpg,26,Man,white,angry
angry_-_PublicTest_88420742.jpg,26,Man,white,angry
angry_-_PublicTest_88558122.jpg,34,Man,white,sad
angry_-_PublicTest_88659438.jpg,23,Man,white,fear
angry_-_PublicTest_89139321.jpg,30,Woman,asian,fear
angry_-_PublicTest_89354196.jpg,32,Man,white,sad
angry_-_PublicTest_89420020.jpg,29,Man,white,neutral
angry_-_PublicTest_89421273.jpg,39,Man,white,angry
angry_-_PublicTest_89722367.jpg,25,Man,white,angry
angry_-_PublicTest_89771874.jpg,29,Man,white,fear
angry_-_PublicTest_89957354.jpg,24,Man,white,angry
angry_-_PublicTest_90129237.jpg,24,Man,black,sad
angry_-_PublicTest_90347378.jpg,39,Man,asian,happy
angry_-_PublicTest_90378794.jpg,25,Man,white,happy
angry_-_PublicTest_90606955.jpg,31,Man,white,angry
angry_-_PublicTest_90906370.jpg,38,Woman,white,happy
angry_-_PublicTest_91336201.jpg,35,Woman,middle eastern,neutral
angry_-_PublicTest_91350708.jpg,32,Woman,white,fear
angry_-_PublicTest_9139860.jpg,36,Woman,white,angry
angry_-_PublicTest_91502575.jpg,38,Man,white,angry
angry_-_PublicTest_91832148.jpg,35,Man,white,neutral
angry_-_PublicTest_91989040.jpg,25,Man,indian,happy
angry_-_PublicTest_92063997.jpg,31,Woman,asian,sad
angry_-_PublicTest_9211328.jpg,32,Woman,white,fear
angry_-_PublicTest_92150074.jpg,37,Woman,white,sad
angry_-_PublicTest_9227570.jpg,27,Man,white,sad
angry_-_PublicTest_93035101.jpg,28,Man,white,neutral
angry_-_PublicTest_9355068.jpg,24,Man,white,happy
angry_-_PublicTest_93558553.jpg,28,Man,white,sad
angry_-_PublicTest_93687979.jpg,34,Man,middle eastern,angry
angry_-_PublicTest_93750598.jpg,34,Man,white,fear
angry_-_PublicTest_93755857.jpg,28,Man,white,neutral
angry_-_PublicTest_939823.jpg,36,Man,white,angry
angry_-_PublicTest_94047538.jpg,29,Man,asian,fear
angry_-_PublicTest_94143318.jpg,41,Man,white,angry
angry_-_PublicTest_94143737.jpg,39,Man,white,angry
angry_-_PublicTest_94398991.jpg,24,Woman,white,angry
angry_-_PublicTest_94411811.jpg,45,Man,black,sad
angry_-_PublicTest_9442610.jpg,51,Man,white,fear
angry_-_PublicTest_94454233.jpg,45,Man,asian,sad
angry_-_PublicTest_94771272.jpg,23,Man,white,fear
angry_-_PublicTest_94892531.jpg,25,Woman,white,neutral
angry_-_PublicTest_94935984.jpg,40,Man,white,angry
angry_-_PublicTest_94948547.jpg,46,Man,latino hispanic,angry
angry_-_PublicTest_94978869.jpg,26,Woman,white,angry
angry_-_PublicTest_95011486.jpg,27,Man,white,fear
angry_-_PublicTest_95083562.jpg,45,Man,middle eastern,neutral
angry_-_PublicTest_95102468.jpg,27,Man,white,angry
angry_-_PublicTest_95548862.jpg,29,Woman,white,fear
angry_-_PublicTest_95568842.jpg,39,Man,black,sad
angry_-_PublicTest_95625709.jpg,25,Man,white,neutral
angry_-_PublicTest_96057304.jpg,32,Man,white,angry
angry_-_PublicTest_96104154.jpg,30,Man,white,fear
angry_-_PublicTest_9617686.jpg,30,Man,latino hispanic,angry
angry_-_PublicTest_96319460.jpg,25,Woman,white,fear
angry_-_PublicTest_96323579.jpg,36,Woman,white,neutral
angry_-_PublicTest_96387819.jpg,42,Man,white,angry
angry_-_PublicTest_96557391.jpg,46,Man,white,sad
angry_-_PublicTest_96718734.jpg,29,Man,asian,angry
angry_-_PublicTest_96736762.jpg,38,Man,middle eastern,sad
angry_-_PublicTest_97098619.jpg,24,Man,white,angry
angry_-_PublicTest_97566169.jpg,40,Man,indian,neutral
angry_-_PublicTest_97580990.jpg,39,Man,white,sad
angry_-_PublicTest_97727923.jpg,23,Man,white,angry
angry_-_PublicTest_97851526.jpg,39,Man,middle eastern,angry
angry_-_PublicTest_98588078.jpg,35,Man,latino hispanic,surprise
angry_-_PublicTest_98688227.jpg,29,Woman,white,neutral
angry_-_PublicTest_98706886.jpg,55,Man,white,disgust
angry_-_PublicTest_98752607.jpg,46,Man,white,angry
angry_-_PublicTest_98768812.jpg,30,Man,white,fear
angry_-_PublicTest_98981806.jpg,45,Man,white,angry
angry_-_PublicTest_99187740.jpg,26,Man,black,neutral
angry_-_PublicTest_99365116.jpg,42,Man,white,fear
angry_-_PublicTest_99509833.jpg,37,Man,white,angry
angry_-_PublicTest_99607072.jpg,37,Man,middle eastern,neutral
angry_-_PublicTest_99646813.jpg,31,Woman,asian,angry
angry_-_PublicTest_99743122.jpg,52,Man,white,neutral
